{"cameraMode":{"drawMode":0,"name":"Shaded","section":"Shading Mode"},"sceneLighting":false,"audioPlay":false,"sceneViewState":{"m_AlwaysRefresh":false,"showFog":true,"showSkybox":false,"showFlares":true,"showImageEffects":true,"showParticleSystems":true,"showVisualEffectGraphs":true,"m_FxEnabled":true},"in2DMode":false,"pivot":{"x":15.460062980651856,"y":4.511936187744141,"z":6.969690322875977},"rotation":{"x":0.0008884546696208417,"y":-0.9986329078674316,"z":0.018286189064383508,"w":0.048817556351423267},"size":1.358681082725525,"orthographic":false}