{"cameraMode":{"drawMode":0,"name":"Shaded","section":"Shading Mode"},"sceneLighting":false,"audioPlay":false,"sceneViewState":{"m_AlwaysRefresh":false,"showFog":true,"showSkybox":false,"showFlares":true,"showImageEffects":true,"showParticleSystems":true,"showVisualEffectGraphs":true,"m_FxEnabled":true},"in2DMode":false,"pivot":{"x":-0.07779812812805176,"y":0.24657730758190156,"z":-0.14311453700065614},"rotation":{"x":0.12232309579849243,"y":0.43806368112564089,"z":-0.060304995626211169,"w":0.888526976108551},"size":1.0994975566864014,"orthographic":false}