{"cameraMode":{"drawMode":0,"name":"Shaded","section":"Shading Mode"},"sceneLighting":false,"audioPlay":false,"sceneViewState":{"m_AlwaysRefresh":false,"showFog":true,"showSkybox":false,"showFlares":true,"showImageEffects":true,"showParticleSystems":true,"showVisualEffectGraphs":true,"m_FxEnabled":true},"in2DMode":false,"pivot":{"x":0.783700704574585,"y":-0.16590560972690583,"z":1.2757606506347657},"rotation":{"x":0.0154580008238554,"y":-0.823870062828064,"z":0.022508123889565469,"w":0.5660992860794067},"size":1.0856784582138062,"orthographic":false}