{"cameraMode":{"drawMode":0,"name":"Shaded","section":"Shading Mode"},"sceneLighting":false,"audioPlay":false,"sceneViewState":{"m_AlwaysRefresh":false,"showFog":true,"showSkybox":false,"showFlares":true,"showImageEffects":true,"showParticleSystems":true,"showVisualEffectGraphs":true,"m_FxEnabled":true},"in2DMode":false,"pivot":{"x":8.070100784301758,"y":2.0042009353637697,"z":6.942553997039795},"rotation":{"x":0.009113458916544915,"y":-0.8669986128807068,"z":0.01587827131152153,"w":0.4979604482650757},"size":1.4513901472091675,"orthographic":false}