{"cameraMode":{"drawMode":0,"name":"Shaded","section":"Shading Mode"},"sceneLighting":true,"audioPlay":false,"sceneViewState":{"m_AlwaysRefresh":false,"showFog":true,"showSkybox":true,"showFlares":true,"showImageEffects":true,"showParticleSystems":true,"showVisualEffectGraphs":true,"m_FxEnabled":true},"in2DMode":false,"pivot":{"x":269.36041259765627,"y":-242.76388549804688,"z":821.576904296875},"rotation":{"x":0.13921430706977845,"y":0.15645110607147218,"z":-0.019835326820611955,"w":0.9780319333076477},"size":465.4583740234375,"orthographic":false}