{"cameraMode":{"drawMode":0,"name":"Shaded","section":"Shading Mode"},"sceneLighting":true,"audioPlay":false,"sceneViewState":{"m_AlwaysRefresh":false,"showFog":true,"showSkybox":true,"showFlares":true,"showImageEffects":true,"showParticleSystems":true,"showVisualEffectGraphs":true,"m_FxEnabled":true},"in2DMode":false,"pivot":{"x":107.02921295166016,"y":462.12371826171877,"z":3.9219448566436769},"rotation":{"x":0.058444082736968997,"y":-0.01886235736310482,"z":0.0035699636209756138,"w":0.998510479927063},"size":33.8982048034668,"orthographic":false}