{"cameraMode":{"drawMode":0,"name":"Shaded","section":"Shading Mode"},"sceneLighting":false,"audioPlay":false,"sceneViewState":{"m_AlwaysRefresh":false,"showFog":true,"showSkybox":false,"showFlares":true,"showImageEffects":true,"showParticleSystems":true,"showVisualEffectGraphs":true,"m_FxEnabled":true},"in2DMode":false,"pivot":{"x":25.811382293701173,"y":3.3913795948028566,"z":6.697141647338867},"rotation":{"x":0.0008884546696208417,"y":-0.9986329078674316,"z":0.018286189064383508,"w":0.048817556351423267},"size":3.5364418029785158,"orthographic":false}