{"cameraMode":{"drawMode":0,"name":"Shaded","section":"Shading Mode"},"sceneLighting":false,"audioPlay":false,"sceneViewState":{"m_AlwaysRefresh":false,"showFog":true,"showSkybox":false,"showFlares":true,"showImageEffects":true,"showParticleSystems":true,"showVisualEffectGraphs":true,"m_FxEnabled":true},"in2DMode":false,"pivot":{"x":0.02681111916899681,"y":0.1818237602710724,"z":-0.0010645687580108643},"rotation":{"x":0.2943752408027649,"y":0.4684308171272278,"z":-0.16881690919399262,"w":0.8157709240913391},"size":0.36368876695632937,"orthographic":false}