{"cameraMode":{"drawMode":0,"name":"Shaded","section":"Shading Mode"},"sceneLighting":false,"audioPlay":false,"sceneViewState":{"m_AlwaysRefresh":false,"showFog":true,"showSkybox":false,"showFlares":true,"showImageEffects":true,"showParticleSystems":true,"showVisualEffectGraphs":true,"m_FxEnabled":true},"in2DMode":false,"pivot":{"x":28.898252487182618,"y":2.3635480403900148,"z":5.913197994232178},"rotation":{"x":0.009113458916544915,"y":-0.8669986128807068,"z":0.01587827131152153,"w":0.4979604482650757},"size":3.2794830799102785,"orthographic":false}